d0dcbcd6cd9243a38882210c6355078f.jpg,paper
d11fa5b33bc942c0969bfdfd244c61c2.jpg,paper
d15fe41458c144799c8861d053c5b5f1.jpg,paper
d204aa4bf48a4c0885b73a5da8847022.jpg,paper
d36add8fc24744d086ce58eabad5d739.jpg,paper
d3a855c97948435b9f3d2d140a941e66.jpg,paper
d3c4aabff1d9469aaf289be7c9e73e54.jpg,paper
d4203b5ea62745f09acb90c350215441.jpg,paper
d48d8d25b9e848528a82239fea679b21.jpg,paper
d4a9e58dfb5246c28cac7e5db06b5df1.jpg,paper
d4dc8bc770ef4ef2abb377589c95914c.jpg,paper
d4fd2544728740f7814b654becad86c0.jpg,paper
d56d3e12129d43fda0f9fc53344d8b64.jpg,open_book
d57514065773488685add81e029a98bc.jpg,paper
d5b20f9c6f7947b3b2af0590c28fba1f.jpg,paper
d5b51a986b054e3fb968b1403ffb7dbc.jpg,paper
d606797801b14366914f0cf138279191.jpg,open_book
d63db2f326884e71b5bb9258de79cf0b.jpg,paper
d65f8181120342ae9e941e38f86af6f9.jpg,paper
d69c9a30f2404e31a60a95b5383156bb.jpg,paper
d6ca8b396f3e4d36bde90abc565f67bc.jpg,paper
d73b268699074146a745d27731be8717.jpg,paper
d7a310e08f084e7a9f7e6f2dbf3af1c4.jpg,paper
d7c0c75738a740978a3800c0edb02aa6.jpg,paper
d7e9e435dff14e06b1d774f0d46331b7.jpg,paper
d7efb5b158204c56841beca427b6bb68.jpg,paper
d8152340d67a491c864d838e09ad8a33.jpg,paper
d838b9f0f44a41a68d4d11eb3dbf890b.jpg,paper
d842b58571fe431d9ab0b7ae56b5a6f1.jpg,paper
d85ccea458584c648405e23957f9117c.jpg,paper
d85ce1f6527344589e46a0b9767e87aa.jpg,paper
d89d9a08e95a4d7387504a3b427b9642.jpg,paper
d8a0e51d2ab044ab9197caa665d33cb8.jpg,paper
d8cd52a1f9dd4f79a64fd73a435a9f69.jpg,paper
d8da74c9013b4377b0c65972162df629.jpg,paper
d8e032abd8214f57974dcb8adbc6e819.jpg,paper
d91067e10c214713b81a0cba1de399b2.jpg,paper
d93e74bf413540cfb032cff035813f51.jpg,paper
d953835eff30427c92e87a9dc6671cb6.jpg,paper
d95b93e04e9d48d59cc4ff7d59fbefe8.jpg,paper
d95d74d81197464b9d392c67bf2edfe6.jpg,paper
d96b16b544cd412aac7909e99d9e1a57.jpg,paper
d9a39afa99204098a3d021e18d28ceb6.jpg,paper
d9ce94f3240140a0900fedd6b1eab5da.jpg,open_book
d9e4c04581eb4dcb982bd81a919d00d4.jpg,paper
d9ee4de3d4c849b1bbea91882b59889c.jpg,open_book
da0fad35c9fd4689852869d056d428ba.jpg,paper
da55e9b73cb742d096a9603c171da98b.jpg,paper
da5d1a581d2e4d2c827d74faa39a1b56.jpg,paper
da73a5d3c627482891a8dd80079eeb2c.jpg,paper
da7d5b0a953e450d984e86909374b06b.jpg,paper
da8b8829047845d79c6f650b72a1e145.jpg,paper
da8bf1e66d634789a7cee6fb53afaa8f.jpg,paper
dabffe5637544f86bafdc6b4600665e2.jpg,paper
dadfb72747c840a9ad196d690329681c.jpg,paper
daf1e005247c436ebaa32e669e039e2d.jpg,paper
db26465ade214a1580d08f6ba61affde.jpg,paper
db394bb84d8d43e8a92919988db28f31.jpg,paper
db686f4e4a754e5aa43506172742f393.jpg,open_book
db97c7ed0c494922a51dc033c971da3b.jpg,paper
dba778a62b574c8a9424c67607fe9059.jpg,open_book
dbda9023561a4a45a85a13b305dcda0f.jpg,paper
dbf22dc90c224579841e14f899d0eaf0.jpg,paper
dbf462244c3d4447891b124a6c45d72e.jpg,paper
dc0832783a8f4f1dac7ca5c19a217bb5.jpg,paper
dc0e5327d1714ce1ab44a4f1eaab82b8.jpg,paper
dc1104025ff04d20bbf5de1e678ab124.jpg,paper
dc1b1671d9f34d6cb79962bd07e9316a.jpg,paper
dc21c11f06684c00932de9aa46b9b238.jpg,paper
dc2d58c9fd0b4fcca9a1b4888acd2993.jpg,open_book
dc3167a6317345a2b26d261e816c638a.jpg,paper
dc38f9865137440c9dbab95ea4a9df94.jpg,paper
dc4c9812c8ae4fe8b318ac0869991af3.jpg,paper
dcb61303368445b292e34436f935f1de.jpg,paper
dccb42f146684506be40605e95de6d77.jpg,paper
dcd3a5e5cba84424bb8da131a5ea3997.jpg,paper
dce8f7e243c442d4a5579414024dfecf.jpg,paper
dcf79949f1a349f8af764ab432e9ae7c.jpg,paper
dcfaa293ed3c4b3088f21d324665aba8.jpg,paper
dd4e7ece701145d289b32362a2edb738.jpg,paper
dd5aef5fc22b48e082ec1382053d287f.jpg,paper
dd6871adbedd4ac9a8887ce57e112a05.jpg,paper
dd6a3adab8d84d30ab23e84667184b2c.jpg,paper
dd6f63a9ebac4f0ab721a6373e06a811.jpg,paper
dd74ba92b0894e04b15249e019914d4d.jpg,paper
ddc34993084e411bbb8a6ac4adfe8976.jpg,paper
ddc3cd8a6f5647f995ebfeaf3c331c13.jpg,paper
ddcb357869cb426da2d2d215b2f053ed.jpg,paper
ddcd7f2eb30648a38a582172100c4989.jpg,paper
de0350755b474b7dbbb653672ac29720.jpg,paper
de0502470bdc41baa9c64a79d8c841ae.jpg,paper
de29e04ee2b44adb997478493e8051cf.jpg,paper
de6e69db1cfc4151802297c135ef6a93.jpg,open_book
de72fe41a01a4fa78161eb6100c50c00.jpg,paper
de99d806912440f49e749f262626a0a0.jpg,paper
ded733b10d244995acfe2664209972d8.jpg,paper
def14159212f4defb7ca2f9e1b074cad.jpg,paper
df0c2d65fb814d788de45a720a3817c2.jpg,open_book
df0c830b1bea46caa6824323cec76760.jpg,paper
df207f03f2014624ba6bd54f1287ce60.jpg,open_book
df266b2ae5e64cfda8af2e6efd380448.jpg,paper
df6a270859364811b35f478983541a0a.jpg,paper
df78dbbafdf240ac9d13b45d7f6352d0.jpg,paper
df877c6119b342168c7b6a3ccd6fca1b.jpg,open_book
df92351c06224af0ae24e4d7ced812da.jpg,open_book
df9764fe0c584d058ae7f821151cee06.jpg,paper
dfadc4d74fd44c4a98536d120b279d8c.jpg,paper
dfbd278b22a6461b99eeb25ba95c15d0.jpg,paper
dfc3f5d6e4ba49c598dc9b99d5855cff.jpg,paper
dfcf796fd6044425a2a8f327640d6228.jpg,paper
e001dee271364a6c9c2ba1b79b1dc22e.jpg,paper
e013bf23f25e403e8c4b311d6d1822ca.jpg,paper
e01d62cd4e87493eb035dfe645d7bff3.jpg,paper
e0403099042547c8a55ae0f373ab202b.jpg,paper
e04048eb66b84b56a9624cb7649ebba3.jpg,paper
e0479cd5a3be4ab4aa5884a791d9c1da.jpg,paper
e08b0202db514c32874d3abe8f7d25df.jpg,paper
e08d56c109bd4f418314f0da846b1a77.jpg,paper
e0969e3fcebd43db85ed36c43bf54e54.jpg,paper
e0989035e3444ddcae170bf350788ca8.jpg,paper
e0a0d4e947c84b3d9cd3780509e1ba32.jpg,paper
e0ae964b90e24fd792abf74f1503c304.jpg,paper
e0bb5f8848b34e199caf584ea2218fd2.jpg,paper
e0c19bbc74564841b452c7fd6517bf51.jpg,open_book
e0cc064f157c4080bf1b94a4610e3172.jpg,paper
e0dfbaa0bf844544973e86dd563e0026.jpg,paper
e13181f5568e43e496219f0df68f1e4b.jpg,open_book
e13e455c79814592ab0e9834413659f2.jpg,open_book
e1664068c27049b58457c9892eb205a9.jpg,open_book
e166f7be29a4453aba49f23ff7a3e537.jpg,paper
e1b553b6e7d24286960c4ba5cb9dd685.jpg,paper
e1f7dbd9b4414e32b8bf766e84fadd90.jpg,paper
e1f8dc6cd4934fe3881458d075ccc505.jpg,paper
e202afcd00f14f0aa3b487d2727b00cd.jpg,paper
e2183fbae6334f9fae82e927f61ed5ad.jpg,paper
e22130ec236c4ebeb46bde9c101ce1c8.jpg,paper
e22da568f32f488fb043f93514622ba5.jpg,paper
e23c143f94584e6180b8dec6d88b5c20.jpg,paper
e254ae02aca54a77a95ea2443849edc7.jpg,paper
e2555b24856345ce97ff60d939ecf85c.jpg,open_book
e276d942803e4af48ff209b87a722dfb.jpg,paper
e2881b9567b849dd8fbe2c79e438e9d9.jpg,open_book
e2b916687c2f4295a413aba3979cd135.jpg,paper
e2fd67460a894b1fac051ba517a442c1.jpg,paper
e30ac992488146b5a9435bdaf4dbd856.jpg,paper
e3206e2917f44ec8b468e58d514201b5.jpg,paper
e329375fad7c464eb3d5df5c29864ace.jpg,paper
e34ea5f5e333463280cef8a4a3e29cc2.jpg,paper
e362b469eddd42caa00f8e77a355eb08.jpg,open_book
e36e4d8dd56c4e7cb877f73810b04bc4.jpg,paper
e376982d1c204fc7832a5a2a2d7f0ed6.jpg,open_book
e38903e4f41244bd9aad75d087194dc7.jpg,paper
e399a931a4414398aa655175106bcf27.jpg,paper
e3c18c7c41284550b6698e2f96389f0d.jpg,paper
e3c3f462151b48889980141caaecfb49.jpg,paper
e3c69330b35c45bbb8bbf2a85b32e20d.jpg,open_book
e3dcab710030414d8de6e11becc98507.jpg,paper
e3e23c84203c47d480563de33e61dac8.jpg,paper
e3e69049001a44fda5e10eac4d0bd4f8.jpg,paper
e41fac6097984cefa38ac16fce623f60.jpg,paper
e4275a8e75b34ebebd7dcca0dde6bff5.jpg,open_book
e4351e95dbc74ff0abf0be5e5194e7dd.jpg,paper
e4626de9eb0142caae173835917f1fb4.jpg,paper
e485371b653547ab86975faadae42754.jpg,paper
e485deaffcfc4533806056a3c03a143a.jpg,paper
e48899b206d94b8da86428c14ef429e0.jpg,paper
e4994b8320dd41c78acae482a75b26ec.jpg,paper
e4ac784b03634e7f87172c40dae094b8.jpg,paper
e4b4c7d954734c14b2eae04d2d8580f6.jpg,paper
e4c7fc3fe5a34333a767c698fd80af35.jpg,paper
e4ce3c4f761449259959a7cbf7e16ece.jpg,paper
e508f912d5e54a6db906daa780dc6f55.jpg,paper
e513ac6cb0e842a18d0a36d959fa9180.jpg,paper
e531019c33f34ac083238db5b96b7e61.jpg,paper
e544def82e974e7f955853b98c50423c.jpg,paper
e54f2531955247ffbbe6a98d5976a722.jpg,paper
e5536e3095ca4abdaf1ad90ddb76da3c.jpg,paper
e57f4dc31acb42508d9901264fa34413.jpg,paper
e581c7dc648044dfb546e1e57c9f99c7.jpg,paper
e591272519784023a36484d0969a4d38.jpg,paper
e5c13d7e747441f4802f895e2093ac62.jpg,paper
e5c3549e948f4d499f7867d47f3f4d0f.jpg,paper
e5e5ce54f9ee4fbeb4044c5e9165f51b.jpg,paper
e5e6ce27a89a4fb6a50162e252a365a6.jpg,paper
e5eac03d140a4d3d9abb0998dfada56b.jpg,paper
e5fbca9f2ad145e29f4c5be83e95c990.jpg,paper
e63ea066202b426ea692bb446341bd4c.jpg,paper
e655f425807947459839fb7c2a233c41.jpg,paper
e65d219b78b14e33835a8193108482e8.jpg,open_book
e66a13b501694262bd2a250eb9d763df.jpg,paper
e676d672f73b4ddc8efac41ae2c555cd.jpg,paper
e67cd44beeb64eae817824027e4f67f2.jpg,paper
e6a8945e807945ec86c9e4fef884a8df.jpg,paper
e6b1e28585e04ae998188e06589a30c7.jpg,paper
e6b4c3ddfb7e4264938e2265fef680f7.jpg,paper
e6e6d5706585449995a4e5e84b4c6d0a.jpg,paper
e7132c8c5f904bf39cf17c43e1ba9a2f.jpg,paper
e739b246593c4b599230e70dbdac50da.jpg,paper
e73dea3f275f47bfb3adb52e2e4dda51.jpg,paper
e75077d347024961a3effe8d8355af3b.jpg,paper
e778380ad955450b9516967fc2dfea98.jpg,paper
e7a57a8523094f538afa67f2af64fa61.jpg,open_book
e7b472c5cb1f4d9da7ef4d976e18ca8f.jpg,paper
e7bf7e7f619549a2a5d1b7df25a5c488.jpg,open_book
e7e5006ac2334c3a9f8a7717876a6973.jpg,paper
e7ff9b45f6aa42d2ac5e03e83408ea2f.jpg,paper
e864381b9ccd4f58a5895b948490b792.jpg,paper
e86cafb953734d4bbc9f7c956f857f6d.jpg,paper
e891cdee42e948b4be371e40108e8328.jpg,paper
e89674bed7814460bd684def554369cf.jpg,open_book
e89f6ec466b340019ab286c1b4e4e2e3.jpg,paper
e8ca29d6f8d94e5c9d34e05ef4f049ad.jpg,paper
e8d46effafee4684964691a34a80eb94.jpg,paper
e8de511688d2492b94afe0334ace25ac.jpg,paper
e9117d42bffa4579a3429365ac9324e4.jpg,paper
e917cf940f5b45498620137d0100b736.jpg,paper
e934b50494ae4843acb528bb1366de62.jpg,paper
e9587fb1a8914af2b8c3a21c4c89928a.jpg,paper
e967921dc52c44fdb0314bacd980a343.jpg,paper
e99ff47cd45b496b9f7fe92158e06b4a.jpg,paper
e9a077b34088437a8b10d84cd5404838.jpg,paper
e9aac895e46a4f42a802bad5a488388a.jpg,paper
ea09f4864e3c475b9ccf88f0ced5ad68.jpg,paper
ea0ccec1d7ee4e3fa7371fe76597e8dd.jpg,paper
ea0d5380c5a34056a048aa2162e831d1.jpg,paper
ea15d96f7ccb4e11901b29423ea80e54.jpg,paper
ea188008f2374f5f8ced0e9607988525.jpg,paper
ea1b0a5f09b0425f9d264ad4b05708a2.jpg,paper
ea1dbd9525ad477fbe208858d7e55eca.jpg,paper
ea28b55b1fad4eed8f64393761535318.jpg,paper
ea3ddb34e87c4d6cb089d86ed6dd0a95.jpg,paper
ea74e96968dd4ec1bd538368c269b99b.jpg,paper
ea79f2bd1a474fd88402f9ee3844f4b8.jpg,paper
ea7f226264914d57b4e2e6e8ef711df8.jpg,paper
eaa96021aeea457db29e23e08364da5c.jpg,paper
eaacbd0423ec4a38a839bf57ac75b55c.jpg,paper
eaafe8762ae84f67a8a540dfcdc67d8e.jpg,paper
ead962b8dcf74d6f91e4b043b7430a2d.jpg,open_book
eadf059fe3754c01b400f4d722b28064.jpg,paper
eaede24bcfed449f99b116f95e99d881.jpg,paper
eb07e7505c354b6fac24b8b07b5ddb40.jpg,paper
eb3e9c040baf484c9930724a7e3bc0ee.jpg,paper
eb4c07608cb94706ab646ea734e39c4e.jpg,paper
eb55d3af27434b17a19c5bd894c7adad.jpg,paper
eb73398605ec45efa3888d636ff8e91f.jpg,paper
ebe5704060a047adb95cfb3f8ea7fa4e.jpg,paper
ebe80013624c4de2a97873468376c1ff.jpg,paper
ebeeb485cc4446108f0f84d2e2fd900f.jpg,paper
ec058c1a96294a5dbaadff39c217c31a.jpg,paper
ec07be1aa8c14b2a8962b372938cca7d.jpg,paper
ec12c657bbd242eb8021565d566617c9.jpg,paper
ec1a2152ee1f453a9832c0fa6ae9ac15.jpg,paper
ec264958216343ba8d985f77dd225d6f.jpg,paper
ec34f91de3cd4e31b8c3fe7f9d1d9951.jpg,paper
ec3df557bd124698a75b11524aea5e79.jpg,paper
ec3f05b5fc8b47d19eddc7de8b334c35.jpg,paper
ec6cb9e8309343a69c50b89a16816de9.jpg,paper
ec933ada0c4341a7907e91cb23eb549d.jpg,open_book
ecb26d06a15c47298bfa73e89ec6dfca.jpg,paper
ecc08bebad97444c81ac37e9f715872b.jpg,paper
eccf00aa4fc54f4cb912c6f4e4962f07.jpg,paper
ecdc2fe508a54f9eafe7e926a6034537.jpg,paper
ece0cd49c52542a6b1366bb2a9480f03.jpg,paper
ed2b41dbfd9848b69c12fa4496a1d48a.jpg,paper
ed4fcfe08de04ba18b41c7121ea8ec04.jpg,paper
ed70b2f5a31446aaa9f5b4f0863c67ea.jpg,paper
ed7e1f73c6864c3f87685b02e737e799.jpg,paper
ed8ca5f99722417a9fcd9f36e4329c2d.jpg,paper
ed9fb9710bb541c19d9d7a404f602d2f.jpg,paper
edb8ffb10dd440bd9a03a23c6a4dc6af.jpg,paper
edc64523bcdc47c6a4a3db0f5fac5085.jpg,paper
edcdbc9a0eeb48a8b0975e8b50977473.jpg,paper
edddea19ad0d4724aaad41cd4b6fd10d.jpg,paper
ededc2c32c284771958f863ffb5a3e05.jpg,paper
ee00be7d21eb493aba3b755d071bfb30.jpg,paper
ee02f94487cb45d3b7fb2dd9ca27481f.jpg,paper
ee0480e30c194b038f01644c8ce771ca.jpg,paper
ee11b6fb195a4510a3458b4985422e80.jpg,paper
ee22dd2d3ffc42d3af94d9180adc6213.jpg,paper
ee3fbaf3520b461ba73c2772e1e04a27.jpg,paper
ee5c7ffc3c534bb6899c12591b532bdb.jpg,paper
ee6589eb431e450b8a301608def1d55b.jpg,paper
ee7971453efb4d01902a097d9cd4635d.jpg,paper
ee90eb767e8747f99d5573cd02b657f4.jpg,paper
ee9b0bd57bd34dd99c6e93f440db4ff4.jpg,open_book
eea0875b19d347e7baa43786d49953e8.jpg,paper
eeb5a11fe4a04048a2533a2f3eedcb06.jpg,paper
eecdb475fd2d4dc1b3f1a0458f9b2d40.jpg,paper
eed364c9975e4236ac0eb5efb61f40f0.jpg,paper
eedab15645e74dd383eacb6e88051802.jpg,paper
eedb24cad43c47f399dbae7b4ed9049e.jpg,paper
eef3d36235244e1ebbe54abe5070ef16.jpg,paper
eef7dec1d25b41bfa1ddfb0b60841d61.jpg,paper
ef15292adccc4066bd730b56b5bee0e2.jpg,paper
ef26a7fc934f49e4920d44efab17b746.jpg,paper
ef448021f71b4fecad36cce3dce51179.jpg,paper
ef6ebc97aa3a4562b177ba2fda58ce55.jpg,paper
efe45b70a50a4aa699ee0746e883ddd4.jpg,open_book
effb490c02de436d8a03ce8e31098f7e.jpg,paper
f04fa55b85404236a22759fe5b6aceab.jpg,paper
f05e353afb354f05970eac8f08f86627.jpg,paper
f06b51f1ce274bfcb5aed512498da7ea.jpg,paper
f0b708fa6a5542109e785fa09fe56530.jpg,open_book
f0bcc4bd9b8c40eb840ac9c4c786d05d.jpg,paper
f0c63cf31b3f4fa78fcdbccf3d2e369a.jpg,paper
f0f2a99ee385467caf2279db3e8ffc83.jpg,paper
f10ccfb9ef1f4b2eafe786e93ea57fad.jpg,open_book
f1102dcf06fb4a88a136f90f23f55f3d.jpg,paper
f15e132de6b145908b9520ccd7c97814.jpg,paper
f16aafb883414ac0b0ab211c90048206.jpg,paper
f18833060d204be6b7d15c280e72d3e2.jpg,paper
f1d01606bc0743a8ae10f72507f449df.jpg,paper
f1de45c42ad34c59a8b3a25b3af7c6d5.jpg,paper
f21f6af69e7d4d8987fc5db8128cdc99.jpg,paper
f2207f0a774c4cb4a7018a7a2c682e31.jpg,paper
f22a3e696c574b11b1ea843ea12cdad9.jpg,paper
f238d6ed40054e43a93b3a1709ae119f.jpg,paper
f24ff4b419b54a6d86ff12cccb2dfe98.jpg,paper
f251a694372a49b1ac8f6c1143b9c865.jpg,paper
f25692c9e6a848b0b55824ef514ac911.jpg,paper
f25cef6b02934196b01fb0141b73b6eb.jpg,paper
f26cbb42f36f477e9a4bfc80fe18f9ad.jpg,paper
f272e6d3eaaa4ed3bc4b82fea8112b20.jpg,paper
f27916fbcc554b43a357e0a28ea5957d.jpg,paper
f2b4588026db4b079bca8d21359385c0.jpg,open_book
f2bce197b0e94ae6bcfb48d7d85de804.jpg,paper
f2d43c46a4ca45f2b8ddd0b367460d8d.jpg,paper
f2ec9d79f26342c8b8082ef75cc3e9c9.jpg,paper
f3064d559b894651abd5d68d11ecb922.jpg,paper
f309e9db9dfb414daee87bf72a9604c7.jpg,paper
f334de8d781041a5878e88087764b2ef.jpg,paper
f33c7e3de9e84c20b8070e828ba3e35c.jpg,open_book
f3423e841e6f4efeb53c80b22622f8de.jpg,paper
f347018ff394462aa2e5122ad275fccc.jpg,paper
f34d2961f9674531abad8d4a4d9a7e55.jpg,paper
f3b0911590ef45838f546b640ef4b25e.jpg,open_book
f3c966d91d4c4060ba0d0a41b7877620.jpg,paper
f432be67e44343c2830507824c2ffdfa.jpg,open_book
f45cf4a9cc7342639e945a36689660d2.jpg,paper
f4679dceb85b429480d5c63f8eecb28f.jpg,paper
f48b540febf74940b3c5765740ea8e8e.jpg,paper
f4a41bdf59374540b46c8cdbe4e5e414.jpg,paper
f4b094a767ba42e38fb48af6ccab36e4.jpg,paper
f4b7e871ebd84b1f87b246cdd0a2fb7c.jpg,paper
f4b80f5774a449a09dc7714c2f760d9b.jpg,paper
f4bc6ab1ee8a4d7c9e2b82ab6fffce22.jpg,paper
f4c5056df0394197ae50ddebd1016c69.jpg,paper
f4cd1823ff354d00b94944db8c5ecd64.jpg,paper
f4d447963011435db4f03f754367a457.jpg,open_book
f4d6928e606e40d9b3ce990c0d69ab5e.jpg,open_book
f4e355987fee4448b972f913644c1da0.jpg,paper
f4e4591d415345b18f38aaac293e279f.jpg,paper
f507f047e4594eb9a33c1b7be0b9fe22.jpg,paper
f55782fd80864bff98485afa9e4c2747.jpg,paper
f55e098d7fcb4c27be03d6f6b87d073a.jpg,paper
f5635742c349454a8a951d2961e48291.jpg,paper
f580b5bac0b649c48a1967d977fd1b71.jpg,paper
f58a0e59e8b74ff5b77fb3ae012ab783.jpg,paper
f59bff2265f344bc8a1f1a0a8bf54c00.jpg,paper
f5a6219a77d7432a963f6224ac568c1b.jpg,paper
f5d7858795c24cdeb45bc08aa1149d18.jpg,paper
f5d9ab2ab0a14ca3b3453fd1c7584660.jpg,paper
f5fd8162221243ddb7d93010467b6aab.jpg,paper
f5fefc13dbe9452a90636198b9dbb449.jpg,paper
f6140af052834bfba33292ef634b9c2b.jpg,paper
f625c26cf4aa41a7b0297816d919671f.jpg,paper
f62a8db4827f4f9c80027f51765314e2.jpg,paper
f63ffe7932f043a79b63bc9821041c72.jpg,open_book
f64167e615ce49d1aab2868707430b91.jpg,paper
f643fc564c644ed2b3136407f94e8ff4.jpg,paper
f682a0412bb64f24b8d161ca28e557b7.jpg,paper
f6841dae218248cda899572f42d21265.jpg,paper
f693c5997844485b9f1495d776c6cb38.jpg,paper
f69b62c876b0497aac088838044b2394.jpg,paper
f6a54a3926644aa488defa05ce9d65ab.jpg,paper
f6bdb4895b1744f6b9d16d7cbfa276a0.jpg,open_book
f6cb037127e94232a76990a2d5f62d68.jpg,paper
f6e9d72e777e416e999faa9a52d2e99f.jpg,paper
f6efc99169894557b027ff50713d1f11.jpg,paper
f72faaa83ef44a8abf8a95310a0a5bb1.jpg,paper
f7530e5ea6ef41eeb3a060efe967d384.jpg,paper
f76901bb383d4140900e1261723b29ba.jpg,paper
f78f01f04ef74031afe2909e1afa7e8c.jpg,paper
f7a8e2134962468db87a26168a94b80d.jpg,paper
f7b588b463bf4e0683c355d19b915eb8.jpg,paper
f7bb38564ccc42a892cb5211b3e2b5b6.jpg,paper
f7c204768c3c4ec09ce61ef4a24fb1ab.jpg,paper
f7d3685f8f75484faf4fcf642c3fd9df.jpg,open_book
f7dbcd70a6784627a38a2a6dd55d90a6.jpg,paper
f7dc030a45134b58b36de20ec14869a5.jpg,paper
f7f584703b6b43d6afbab09ba095e455.jpg,paper
f7fedd4917d248b0bf00215f2231c8ad.jpg,paper
f80eadeb704f43788667eabe0edd3848.jpg,paper
f81ba5f0d6b4428ca7e2b87b4b0a551c.jpg,paper
f81cdaac414b47c88041bbc63f1d861d.jpg,paper
f831115d03fe42579b6d5bd9386e14ce.jpg,paper
f84f68a0ccb040608ee164dc03f87d8f.jpg,paper
f86b9812f583413bb457a8e68e40e6d2.jpg,paper
f887c32b8f214bfc8b72fb86454b50d8.jpg,paper
f88de4e2b8be4d2db29b8a88879e51c8.jpg,paper
f8a0a53fc73b4b6283ecea1f7e3c3baa.jpg,paper
f8c391ba26ff40a798362db1abda52cc.jpg,paper
f8c4b05570f746b5b5cc6dd88ee0055b.jpg,paper
f8e3c487a88c46dc8c6bdffd6a353354.jpg,paper
f8eaa48bfd044816aeeaed56d7b4ac2b.jpg,paper
f9176580ea7a4cb7914b7def8e7f510d.jpg,paper
f921352a3e4e4e48b1614623f431b507.jpg,paper
f957e5d52fee4a4ca4f409cb1e1ba762.jpg,paper
f9983ab286bb4b0c96e5b41c28e2722e.jpg,paper
f9afc70f88d74cceaf8c874bd0966973.jpg,open_book
f9bc6ad723594ed483f4720b815865be.jpg,paper
f9def8fdf5e141a8be2fa56b163bb94a.jpg,paper
f9e28ea639984b4c8ea0294eb53f07c1.jpg,paper
f9efe5740cc04fd38a3a6356da26d725.jpg,paper
f9fe2d20b74f4253a1f07e25f143193f.jpg,paper
fa32bfb164f647a0af132a1367008cd9.jpg,paper
fa4559a17e0d4e7db4d27cac0c10a6e3.jpg,paper
fa4979ff0e3d467a80657279952bbf32.jpg,paper
fa7944d29f424563a18c5484ec084ddc.jpg,paper
fa8f95689b8c4b29b45376a9728ecab0.jpg,paper
fa9272419eb7435289fa8e836f6762d3.jpg,paper
fa9a2815b09249c49558c942a4b1abfa.jpg,open_book
fae22fb202554c3c921a0576fa33ca22.jpg,paper
faf97f3f9b2f42169e6ffb5b6961d365.jpg,paper
fafb9614249e4673aff02b8fdd3b0930.jpg,paper
fb1d39ca40c040a2a7ac9dd2e64516e9.jpg,paper
fb22cda7ecdb468cb7f082f81edb4112.jpg,open_book
fb2e05402d5a432ea7df116a9eba82d7.jpg,paper
fb40252867ff496d8fccd383804f90ba.jpg,paper
fb44b987fa844bdf92a923eefa1c31a5.jpg,paper
fb45aee716c54575844b0f3a8f457b62.jpg,open_book
fb47a2259bbf4b24b42c127c4abb6074.jpg,paper
fb55358da02946a8b69502fc626a1108.jpg,paper
fb5987741820466396d873b20e4b01d1.jpg,paper
fb6b5bc78e32428dae2bd2af1b46ef98.jpg,paper
fb77dc8b33ad4c8c84b67136169afc69.jpg,paper
fb84e48849864fa596d275b60ae01d23.jpg,paper
fb8fa83d92d042a1adae47c54b1ad0ee.jpg,paper
fbae427fb9804b72bbc4110cd93878c8.jpg,paper
fbdc47583650448c9e5197d39ce06982.jpg,paper
fbfe3c71c79b4965959e7fe3ce3184f3.jpg,paper
fc011a6b4bc14f2eb5c2508a705aea79.jpg,paper
fc0c8443104248cba050604e7521ad2b.jpg,paper
fc1dc896f95c4b72b677295e82dd7b20.jpg,paper
fc22b82dfc85407bba41d47b9c08cc0a.jpg,open_book
fc3465d0fe4a40b284b643decdc77de3.jpg,paper
fc49c359a0f142a2b4ae1b4fea1852fe.jpg,paper
fc648da71a714fc2aa9cbe164fb913a4.jpg,paper
fc864ee3078d4cf7be718c6578adef58.jpg,paper
fcdd174779cc4228ad1345632592dd11.jpg,paper
fd014ef4e53b457ab6123b9689e3ad96.jpg,paper
fd061b90a32a4acc8c42158886584e69.jpg,open_book
fd10d1191e084a748f9d118c04f4ffe4.jpg,open_book
fd20c2b90e174723bc5883b2913d6fcc.jpg,open_book
fd3ba24573044f69a02509ac805e1fb0.jpg,paper
fd49a32aed7947fd9769acf3a7570ea4.jpg,paper
fd542255ff6f4616be5b97420ff91e09.jpg,paper
fd5fa799d47140a39ae44b48036ac5c8.jpg,paper
fd606ff5cd424940a5bfdaffd98b29ea.jpg,paper
fd77be0aa9d247f0bafe087a24a46465.jpg,paper
fdc2f8f789a44768b651984e8042aedf.jpg,paper
fdcc27b489e34272a68aa64c60622008.jpg,paper
fe0a438aa1904a01980ae79d48b6f64e.jpg,paper
fe0c3591f5e646f38079c0a2f53c6e8d.jpg,open_book
fe1f58d7bb744e91b3b1f95216042550.jpg,paper
fe316a43723243a8941b329e014935d8.jpg,paper
fe369b53b1814491b4bcb2834843d000.jpg,open_book
fe3fd9c6842b4d44aba93c6fc738a6cf.jpg,paper
fe48911efb024e18bbdca8f6c8429998.jpg,paper
fe6c70c1bbf24e339a41f8feb1e72613.jpg,paper
fe719486eeb1427ebb340b545da3cb36.jpg,paper
fe8749de47354775a259405ff0e7f365.jpg,paper
fe87e1d819224df48a5825dea21c50a7.jpg,paper
fe88b9b8fcdc46edace4eebc8e3a7deb.jpg,paper
fe8cec203ab34553b085766046c796f7.jpg,paper
fe8f7b2ddf624a0088177759f9422c1d.jpg,paper
feb3a426a5b846e09998bb1a94e11cd4.jpg,paper
feb7997d9bcb42749749a07691763ea8.jpg,paper
fec106449dd24959a1d68efd5c6112d2.jpg,paper
fecad4637fb14a4daa03b87ab9749fa8.jpg,paper
fed5dfc232a6485b9a6fa0bc09d14363.jpg,paper
fedf0ff8cf5c46a4a1e84b5f28bbe3a3.jpg,paper
fef296ff36414375bb4a48116df12100.jpg,paper
fef5cf4948684423add6ddb4032c24a3.jpg,paper
ff1a5637db17423dba83962a93b4693d.jpg,open_book
ff1f05a2cf1d40858718cda2fb0fa565.jpg,paper
ff37cff886154d1c8d00f67e5d225f3f.jpg,paper
ff3988f354e64115b1e9da8d987cafe7.jpg,paper
ff66641ee96242aebf370e6dabc04724.jpg,paper
ff7f036f0c3d4feda57e1333e2e1f5fd.jpg,paper
ff8b4548a1414ebab878cb9aefda5158.jpg,open_book
ff8d68c7e05043dea36adddf72ffcdfa.jpg,paper
ffa10994b94547d79e5052b343512e50.jpg,paper
ffacae8511474450a08b5eb86605aa30.jpg,paper
ffb0a7da99054179ba5314a9eb4d5208.jpg,paper
ffb1a8106ed44b9eba135f2bc1e8404d.jpg,paper
ffdab2c071fe42dca972703dea07cedb.jpg,open_book
ffe4d4c260574e0a87017a0f64cdc5a3.jpg,open_book
ffffb2bffc9f44b99bdd93081ae7e032.jpg,paper
